[
    {
        "ID": "AC0-1",
        "Category": "Arcane",
        "Name": "Spark",
        "Cost": "0",
        "Type": "Action",
        "Range": "6 units",
        "Description": "Fire a bolt of 1 Lightning Damage.",
        "Upcast": "",
        "Lore": "A spark of inginuity, flickering to your target and giving them a gentle jolt."
    },
    {
        "ID": "AC0-2",
        "Category": "Arcane",
        "Name": "Minor Kinesis",
        "Cost": "0",
        "Type": "Action",
        "Range": "12 units",
        "Description": "You make an object levitate and can move it through the air up to 6 units, it remains suspended each turn you recast this spell, cannot be used for combat.",
        "Upcast": "",
        "Lore": "To make a stone levitate, the first spell most young casters learn."
    },
    {
        "ID": "AC0-3",
        "Category": "Arcane",
        "Name": "Arcane Gust",
        "Cost": "0",
        "Type": "Reaction",
        "Range": "Self",
        "Description": "Upon taking melee damage, you may push the creature that injured you away by 3 units.",
        "Upcast": "",
        "Lore": "A defensive burst to make some distance."
    },
    {
        "ID": "AC0-4",
        "Category": "Arcane",
        "Name": "Kinetic Swing",
        "Cost": "0",
        "Type": "Action",
        "Range": "Melee",
        "Description": "Perform a melee strike with your weapon, it deals +1 Force Damage.",
        "Upcast": "",
        "Lore": "To strengthen the very core of a weapon, simply charge it up with mana!"
    },
    {
        "ID": "AC0-5",
        "Category": "Arcane",
        "Name": "Force Nudge",
        "Cost": "0",
        "Type": "Action",
        "Range": "3 units",
        "Description": "Attempt to displace a target by 1 unit in any direction to a valid position, they must roll [Fortitude] to resist.",
        "Upcast": "",
        "Lore": "If you ever don't like where someone is standing, give em a lil nudge."
    },
    {
        "ID": "AC0-6",
        "Category": "Arcane",
        "Name": "Sphere of force",
        "Cost": "0",
        "Type": "Reaction",
        "Range": "8 units, 1 unit radius",
        "Description": "Command an area to experiance higher gravity, dealing 1 force damage to all creatures in the radius, they must roll [Fortitude] to resist.",
        "Upcast": "",
        "Lore": "Their knees will hurt after that!"
    },
    {
        "ID": "AC0-7",
        "Category": "Arcane",
        "Name": "Mana Sense",
        "Cost": "0",
        "Type": "Passive",
        "Range": "Self",
        "Description": "You can see the flow of mana around you, you can identify what type of magic an item/creature is emitting.",
        "Upcast": "",
        "Lore": "To see the fabric of reali- oh wait, it just makes that guy glow blue."
    },
    {
        "ID": "AC0-8",
        "Category": "Arcane",
        "Name": "Arcane Mark",
        "Cost": "0",
        "Type": "Action",
        "Range": "4 units",
        "Description": "Mark a creature, the next spell you cast against that creature, deals +1 Lightning Damage.",
        "Upcast": "",
        "Lore": "A focused mote of magic awaits the next moment of weakness."
    },
    {
        "ID": "AC0-9",
        "Category": "Arcane",
        "Name": "Static Veil",
        "Cost": "0",
        "Type": "Action",
        "Range": "Self",
        "Description": "Coat yourself in lightning, the next creature that hits you takes 1 damage.",
        "Upcast": "",
        "Lore": "Like rubbing socks on a carpet, make yourself a lil zappy!"
    },
    {
        "ID": "AC0-10",
        "Category": "Arcane",
        "Name": "Focus",
        "Cost": "0",
        "Type": "Action",
        "Range": "Self",
        "Description": "Grant yourself +2 Accuracy on your next Melee/Ranged attack.",
        "Upcast": "",
        "Lore": "Take a moment, take a breath."
    },
    {
        "ID": "OC0-1",
        "Category": "Occult",
        "Name": "Whispers",
        "Cost": "0",
        "Type": "Action",
        "Range": "Sight",
        "Description": "You attempt to impose -2 Accuracy onto a creature you can see, they must roll [Insight] to resist.",
        "Upcast": "",
        "Lore": "Whispers to cloud the mind, whispers to cloud the soul."
    },
    {
        "ID": "OC0-2",
        "Category": "Occult",
        "Name": "Maw of the Void",
        "Cost": "0",
        "Type": "Reaction",
        "Range": "Self",
        "Description": "Upon taking damage, you attempt to deal 2 Damage to the target that struck you, they must roll [Reflex] to resist.",
        "Upcast": "",
        "Lore": "Let the teeth of the void sink into their soul."
    },
    {
        "ID": "OC0-3",
        "Category": "Occult",
        "Name": "Mind Needle",
        "Cost": "0",
        "Type": "Action",
        "Range": "6 units",
        "Description": "Fire a needle of 2 Pshycic Damage.",
        "Upcast": "",
        "Lore": "A sharp pain through the eye, your mind is left questioning what it just felt."
    },
    {
        "ID": "OC0-4",
        "Category": "Occult",
        "Name": "Grim Focus",
        "Cost": "0",
        "Type": "Passive",
        "Range": "Self",
        "Description": "Your weapon damage is treated as Dark in addition to any other type.",
        "Upcast": "",
        "Lore": "Envelope your blade in the fog of death."
    },
    {
        "ID": "OC0-5",
        "Category": "Occult",
        "Name": "Echo Hex",
        "Cost": "0",
        "Type": "Action",
        "Range": "4 units",
        "Description": "You create a hexed Tile, the Hex is invisible, any creature that steps atop it must succeed a [Reflex] check or take 1 Dark Damage, then the tile disapates. You may only have 1 Hex up at a time.",
        "Upcast": "",
        "Lore": "A minor curse placed upon reality, confined to a single moment."
    },
    {
        "ID": "OC0-6",
        "Category": "Occult",
        "Name": "Reflexive strike",
        "Cost": "0",
        "Type": "Reaction",
        "Range": "6 units",
        "Description": "When a creature casts a spell, attempt to deal 1 Dark Damage to them, they must roll [Reflex] to resist.",
        "Upcast": "",
        "Lore": "Don't let them get away with it."
    },
    {
        "ID": "OC0-7",
        "Category": "Occult",
        "Name": "Dread Murmur",
        "Cost": "0",
        "Type": "Action",
        "Range": "Cone 3 units",
        "Description": "Release a cone of dark energy, dealing 1 Dark Damage and [Fearing] all creatures caught in the cone, they must roll [Fortitude] to resist.",
        "Upcast": "",
        "Lore": "A smog of horror, like screaming faces, spews fourth staining all in its way."
    },
    {
        "ID": "OC0-8",
        "Category": "Occult",
        "Name": "Mark of Unease",
        "Cost": "0",
        "Type": "Action",
        "Range": "Touch",
        "Description": "You attempt to impose -2 Insight onto a creature, they must roll [Insight] to resist.",
        "Upcast": "",
        "Lore": "Use their own mind against themselves."
    },
    {
        "ID": "OC0-9",
        "Category": "Occult",
        "Name": "Lingering Glance",
        "Cost": "0",
        "Type": "Action",
        "Range": "12 Units",
        "Description": "You lock eyes with a creature you can see. The next time they take damage before your next turn, they take +1 Psychic Damage. They must roll [Insight] to resist.",
        "Upcast": "",
        "Lore": "A look that crawls beneath the skin, refusing to be forgotten."
    },
    {
        "ID": "OC0-10",
        "Category": "Occult",
        "Name": "Fracture Thought",
        "Cost": "0",
        "Type": "Action",
        "Range": "5 units",
        "Description": "You attempt to splinter a creature’s focus, imposing -2 Accuracy on their next spell or attack. They must roll [Insight] to resist.",
        "Upcast": "",
        "Lore": "A single doubt, driven deep enough, can unravel intent entirely."
    },
    {
        "ID": "DC0-1",
        "Category": "Divine",
        "Name": "Sacred Glimmer",
        "Cost": "0",
        "Type": "Action",
        "Range": "5 units",
        "Description": "You grant a creature a mote of healing, next time they get healed increase it by 1",
        "Upcast": "",
        "Lore": "A faint light answers even the quietest prayer."
    },
    {
        "ID": "DC0-2",
        "Category": "Divine",
        "Name": "Guiding Touch",
        "Cost": "0",
        "Type": "Action",
        "Range": "Touch",
        "Description": "Grant a touched creature +2 Accuracy on their next attack or spell.",
        "Upcast": "",
        "Lore": "Faith steadies the hand when doubt would make it tremble."
    },
    {
        "ID": "DC0-3",
        "Category": "Divine",
        "Name": "Faith Ward",
        "Cost": "0",
        "Type": "Reaction",
        "Range": "Self",
        "Description": "When you take damage, reduce that damage by 1.",
        "Upcast": "",
        "Lore": "Belief is sometimes enough to turn a fatal blow aside."
    },
    {
        "ID": "DC0-4",
        "Category": "Divine",
        "Name": "Hallowed Mark",
        "Cost": "0",
        "Type": "Action",
        "Range": "6 units",
        "Description": "Mark a creature. The next attack made against that creature deals +1 Light Damage.",
        "Upcast": "",
        "Lore": "Light finds those who cannot hide from judgment."
    },
    {
        "ID": "DC0-5",
        "Category": "Divine",
        "Name": "Mercy Spark",
        "Cost": "0",
        "Type": "Action",
        "Range": "4 units",
        "Description": "Deal 1 Light Damage to a creature, or instead stabilize a creature to 1 Health.",
        "Upcast": "",
        "Lore": "Mercy and punishment share the same flame."
    },
    {
        "ID": "DC0-6",
        "Category": "Divine",
        "Name": "Oathbound Focus",
        "Cost": "0",
        "Type": "Passive",
        "Range": "Self",
        "Description": "Once per turn, when you deal damage, you may change the damage type to Light.",
        "Upcast": "",
        "Lore": "An oath shapes not just action, but intent."
    },
    {
        "ID": "DC0-7",
        "Category": "Divine",
        "Name": "Consecrated Step",
        "Cost": "0",
        "Type": "Action",
        "Range": "Self",
        "Description": "You move up to 3 units without provoking reactions.",
        "Upcast": "",
        "Lore": "Where you tread, the faithful path opens."
    },
    {
        "ID": "DC0-8",
        "Category": "Divine",
        "Name": "Light of Resolve",
        "Cost": "0",
        "Type": "Reaction",
        "Range": "2 units",
        "Description": "When a creature within range fails a roll, grant them +2 to that roll after seeing the result.",
        "Upcast": "",
        "Lore": "Resolve shines brightest at the moment of failure."
    },
    {
        "ID": "DC0-9",
        "Category": "Divine",
        "Name": "Sanctum Whisper",
        "Cost": "0",
        "Type": "Action",
        "Range": "Sight",
        "Description": "You sense the presence of celestials, fiends, or consecrated areas within range.",
        "Upcast": "",
        "Lore": "The divine speaks softly, but never without purpose."
    },
    {
        "ID": "DC0-10",
        "Category": "Divine",
        "Name": "Blessed Vigil",
        "Cost": "0",
        "Type": "Passive",
        "Range": "Self",
        "Description": "Your total health increases by 2",
        "Upcast": "",
        "Lore": "Faith never truly sleeps."
    },
    {
        "ID": "EC0-1",
        "Category": "Elemental",
        "Name": "Ember Flick",
        "Cost": "0",
        "Type": "Action",
        "Range": "5 units",
        "Description": "Deal 1 Fire Damage to a creature or ignite a small flammable object.",
        "Upcast": "",
        "Lore": "A flame barely born, yet eager to grow."
    },
    {
        "ID": "EC0-2",
        "Category": "Elemental",
        "Name": "Static Tap",
        "Cost": "0",
        "Type": "Reaction",
        "Range": "Self",
        "Description": "When you hit a creature with an attack, deal +1 Lightning Damage.",
        "Upcast": "",
        "Lore": "The storm answers instinctively."
    },
    {
        "ID": "EC0-3",
        "Category": "Elemental",
        "Name": "Frost Pulse",
        "Cost": "0",
        "Type": "Action",
        "Range": "4 units",
        "Description": "Deal 1 Cold Damage and reduce the target’s movement by 1 unit until their next turn.",
        "Upcast": "",
        "Lore": "Cold does not rush. It claims."
    },
    {
        "ID": "EC0-4",
        "Category": "Elemental",
        "Name": "Stone Skim",
        "Cost": "0",
        "Type": "Passive",
        "Range": "Self",
        "Description": "You ignore difficult terrain caused by earth or stone.",
        "Upcast": "",
        "Lore": "The ground remembers those who listen to it."
    },
    {
        "ID": "EC0-5",
        "Category": "Elemental",
        "Name": "Gale Nudge",
        "Cost": "0",
        "Type": "Action",
        "Range": "6 units",
        "Description": "Push a creature or unsecured object 2 units in a direction of your choice. Creatures may roll [Fortitude] to resist.",
        "Upcast": "",
        "Lore": "Even the gentlest wind knows where it wants you to go."
    },
    {
        "ID": "EC0-6",
        "Category": "Elemental",
        "Name": "Ash Veil",
        "Cost": "0",
        "Type": "Reaction",
        "Range": "Self",
        "Description": "When you take damage, impose -2 Accuracy on the next attack made against you.",
        "Upcast": "",
        "Lore": "Smoke and embers blur hostile intent."
    },
    {
        "ID": "EC0-7",
        "Category": "Elemental",
        "Name": "Ripple Spark",
        "Cost": "0",
        "Type": "Action",
        "Range": "Touch",
        "Description": "Deal 1 Lightning or Cold Damage to a creature you touch.",
        "Upcast": "",
        "Lore": "Energy flows like water, if you know how to stir it."
    },
    {
        "ID": "EC0-8",
        "Category": "Elemental",
        "Name": "Thermal Shift",
        "Cost": "0",
        "Type": "Action",
        "Range": "Self",
        "Description": "You gain resistance to either Fire or Cold damage until your next turn.",
        "Upcast": "",
        "Lore": "Heat and cold are just states of balance."
    },
    {
        "ID": "EC0-9",
        "Category": "Elemental",
        "Name": "Pressure Ping",
        "Cost": "0",
        "Type": "Action",
        "Range": "Sight",
        "Description": "You sense the movement of creatures behind cover or in obscured areas until the start of your next turn.",
        "Upcast": "",
        "Lore": "Air shifts. Water trembles. Nothing moves unseen."
    },
    {
        "ID": "EC0-10",
        "Category": "Elemental",
        "Name": "Charge Residue",
        "Cost": "0",
        "Type": "Passive",
        "Range": "Self",
        "Description": "Once per turn after casting an Elemental spell, your next attack deals +1 damage of the same type.",
        "Upcast": "",
        "Lore": "Power always leaves something behind."
    },
    {
        "ID": "AC1-1",
        "Category": "Arcane",
        "Name": "Mana Lance",
        "Cost": "1",
        "Type": "Action",
        "Range": "7 units",
        "Description": "Fire a condensed lance of mana, dealing 2 Force Damage to a creature.",
        "Upcast": "Increase the damage by +1.",
        "Lore": "Raw mana, sharpened into purpose."
    },
    {
        "ID": "AC1-2",
        "Category": "Arcane",
        "Name": "Force Shear",
        "Cost": "1",
        "Type": "Action",
        "Range": "Melee",
        "Description": "Perform a melee weapon attack that deals +1 Force Damage and ignores 1 point of Armor.",
        "Upcast": "Increase the bonus Force Damage by +1.",
        "Lore": "A precise cut, slipping between reality’s defenses."
    },
    {
        "ID": "AC1-3",
        "Category": "Arcane",
        "Name": "Aether Step",
        "Cost": "1",
        "Type": "Action",
        "Range": "Self",
        "Description": "Teleport up to 5 units to a location you can see.",
        "Upcast": "Increase teleport distance by +2 units.",
        "Lore": "The space between moments bends to practiced will."
    },
    {
        "ID": "AC1-4",
        "Category": "Arcane",
        "Name": "Spell Shunt",
        "Cost": "1",
        "Type": "Reaction",
        "Range": "Self",
        "Description": "When you take damage from a spell, reduce the damage by 2.",
        "Upcast": "Reduce damage by an additional +1.",
        "Lore": "Magic diverted is magic denied."
    },
    {
        "ID": "AC1-5",
        "Category": "Arcane",
        "Name": "Mana Snare",
        "Cost": "1",
        "Type": "Action",
        "Range": "5 units",
        "Description": "You bind a creature in constricting mana, reducing their movement by 3 units until the end of their next turn. They must roll [Fortitude] to resist.",
        "Upcast": "Increase the movement reduction by +1 unit.",
        "Lore": "Mana does not forgive those who struggle blindly."
    },
    {
        "ID": "AC1-6",
        "Category": "Arcane",
        "Name": "Arcane Anchor",
        "Cost": "1",
        "Type": "Action",
        "Range": "6 units",
        "Description": "Anchor a creature in place. They cannot be forcibly moved until the start of your next turn. They must roll [Fortitude] to resist.",
        "Upcast": "Extend the duration by 1 additional turn.",
        "Lore": "Reality itself grips tight at your command."
    },
    {
        "ID": "AC1-7",
        "Category": "Arcane",
        "Name": "Unstable Surge",
        "Cost": "1",
        "Type": "Action",
        "Range": "Self",
        "Description": "Your next spell this turn deals +2 damage, but you take 1 Force Damage.",
        "Upcast": "Increase the bonus damage by +1.",
        "Lore": "Power taken too quickly always leaves scars."
    },
    {
        "ID": "AC1-8",
        "Category": "Arcane",
        "Name": "Kinetic Ripple",
        "Cost": "1",
        "Type": "Action",
        "Range": "Cone 3 units",
        "Description": "Release a wave of kinetic force, dealing 2 Force Damage and pushing all affected creatures 2 units away. Creatures must roll [Fortitude] to resist.",
        "Upcast": "Increase the damage by +1.",
        "Lore": "A shockwave born from sudden intent."
    },
    {
        "ID": "AC1-9",
        "Category": "Arcane",
        "Name": "Mana Lock",
        "Cost": "1",
        "Type": "Action",
        "Range": "Touch",
        "Description": "A creature you touch has their next spell cost +1 mana. They must roll [Insight] to resist.",
        "Upcast": "Affects the next additional spell the creature casts.",
        "Lore": "Knowledge remains — access does not."
    },
    {
        "ID": "AC1-10",
        "Category": "Arcane",
        "Name": "Refraction Veil",
        "Cost": "1",
        "Type": "Reaction",
        "Range": "Self",
        "Description": "When you are hit by an attack or spell, impose -2 Accuracy on that roll.",
        "Upcast": "Increase the Accuracy penalty by -1.",
        "Lore": "Light bends, fate follows."
    },
    {
        "ID": "OC1-1",
        "Category": "Occult",
        "Name": "Vein Hex",
        "Cost": "1",
        "Type": "Action",
        "Range": "6 units",
        "Description": "Curse a creature’s blood, dealing 2 Dark Damage. The next time they take damage before your next turn, they take +1 additional Dark Damage. They must roll [Fortitude] to resist the curse.",
        "Upcast": "Increase the bonus damage by +1.",
        "Lore": "The body remembers what the soul tries to forget."
    },
    {
        "ID": "OC1-2",
        "Category": "Occult",
        "Name": "Mind Sunder",
        "Cost": "1",
        "Type": "Action",
        "Range": "Sight",
        "Description": "You tear at a creature’s psyche, dealing 2 Psychic Damage and imposing -2 Insight until the end of their next turn. They must roll [Insight] to resist.",
        "Upcast": "Increase the Psychic Damage by +1.",
        "Lore": "Thought is fragile when pulled from the wrong angle."
    },
    {
        "ID": "OC1-3",
        "Category": "Occult",
        "Name": "Grasping Doubt",
        "Cost": "1",
        "Type": "Action",
        "Range": "4 units",
        "Description": "Manifest spectral hands that reduce a creature’s movement by 2 units and impose -2 Accuracy until the end of their next turn. They must roll [Insight] to resist.",
        "Upcast": "Increase the Accuracy penalty by -1.",
        "Lore": "Hesitation clings tighter than chains."
    },
    {
        "ID": "OC1-4",
        "Category": "Occult",
        "Name": "Shadow Slip",
        "Cost": "1",
        "Type": "Reaction",
        "Range": "Self",
        "Description": "When you take damage, you may teleport up to 3 units to an unoccupied space you can see, halving the damage.",
        "Upcast": "Increase the teleport distance by +2 units.",
        "Lore": "Pain is just another doorway."
    },
    {
        "ID": "OC1-5",
        "Category": "Occult",
        "Name": "Echoing Curse",
        "Cost": "1",
        "Type": "Action",
        "Range": "5 units",
        "Description": "Curse a creature. The next time they fail a roll before your next turn, they take 2 Dark Damage.",
        "Upcast": "Increase the damage by +1.",
        "Lore": "Mistakes linger longer when invited."
    },
    {
        "ID": "OC1-6",
        "Category": "Occult",
        "Name": "Dread Focus",
        "Cost": "1",
        "Type": "Passive",
        "Range": "Self",
        "Description": "Once per turn, when you deal Dark or Psychic Damage, impose -2 Accuracy on the target until the end of their next turn.",
        "Upcast": "Increase the Accuracy penalty by -1.",
        "Lore": "Fear sharpens attention — yours, not theirs."
    },
    {
        "ID": "OC1-7",
        "Category": "Occult",
        "Name": "Blood Whisper",
        "Cost": "1",
        "Type": "Action",
        "Range": "Touch",
        "Description": "Deal 2 Dark Damage to a creature. If the target is [Bleeding], they instead take +1 additional Dark Damage.",
        "Upcast": "Increase the base damage by +1.",
        "Lore": "The blood knows secrets the mouth refuses to tell."
    },
    {
        "ID": "OC1-8",
        "Category": "Occult",
        "Name": "Veil Fracture",
        "Cost": "1",
        "Type": "Action",
        "Range": "Cone 3 units",
        "Description": "Shatter the boundary between fear and reality, dealing 2 Dark Damage and [Fearing] all creatures in the cone. Creatures must roll [Insight] to resist.",
        "Upcast": "Increase the damage by +1.",
        "Lore": "The veil breaks easiest where terror has already worn it thin."
    },
    {
        "ID": "OC1-9",
        "Category": "Occult",
        "Name": "Soul Tether",
        "Cost": "1",
        "Type": "Action",
        "Range": "7 units",
        "Description": "Bind your soul to a creature. Until the start of your next turn, when they take damage, you regain 1 Health. They must roll [Insight] to resist.",
        "Upcast": "Increase the healing by +1.",
        "Lore": "Suffering shared is suffering diminished."
    },
    {
        "ID": "OC1-10",
        "Category": "Occult",
        "Name": "Night’s Interruption",
        "Cost": "1",
        "Type": "Reaction",
        "Range": "6 units",
        "Description": "When a creature within range casts a spell, impose -2 Accuracy on that spell and deal 1 Psychic Damage. They must roll [Reflex] to resist.",
        "Upcast": "Increase the Psychic Damage by +1.",
        "Lore": "Even darkness dislikes being disturbed."
    },
    {
        "ID": "OC2-1",
        "Category": "Occult",
        "Name": "Grave Brand",
        "Cost": "2",
        "Type": "Action",
        "Range": "6 units",
        "Description": "Brand a creature with a sigil of death, dealing 3 Dark Damage. Until the end of your next turn, the first time that creature takes damage, they take an additional 2 Dark Damage.",
        "Upcast": "Increase the triggered Dark Damage by +1.",
        "Lore": "Once marked, the grave watches closely."
    },
    {
        "ID": "OC2-2",
        "Category": "Occult",
        "Name": "Mind Rend",
        "Cost": "2",
        "Type": "Action",
        "Range": "Sight",
        "Description": "Rip violently through a creature’s thoughts, dealing 3 Psychic Damage and imposing -3 Insight until the end of their next turn. They must roll [Insight] to resist the Insight reduction.",
        "Upcast": "Increase the Psychic Damage by +1.",
        "Lore": "Some ideas are better left intact."
    },
    {
        "ID": "OC2-3",
        "Category": "Occult",
        "Name": "Lingering Malice",
        "Cost": "2",
        "Type": "Action",
        "Range": "5 units",
        "Description": "Inflict a curse upon a creature for 2 turns. At the start of each of their turns, they take 1 Dark Damage and suffer -1 Accuracy.",
        "Upcast": "Extend the duration by +1 turn.",
        "Lore": "Hatred rarely leaves all at once."
    },
    {
        "ID": "OC2-4",
        "Category": "Occult",
        "Name": "Umbral Reversal",
        "Cost": "2",
        "Type": "Reaction",
        "Range": "Self",
        "Description": "When you would be reduced to 0 Health, instead remain at 1 Health and teleport up to 4 units to a space you can see. This spell then ends.",
        "Upcast": "Increase the teleport distance by +2 units.",
        "Lore": "Death reached — then missed."
    },
    {
        "ID": "OC2-5",
        "Category": "Occult",
        "Name": "Hex Collapse",
        "Cost": "2",
        "Type": "Action",
        "Range": "Cone 4 units",
        "Description": "Detonate active curses and hexes in the area. Creatures affected by a curse take 2 Dark Damage, while un-cursed creatures take 1 Dark Damage.",
        "Upcast": "Increase the damage dealt to cursed creatures by +1.",
        "Lore": "All debts come due at once."
    },
    {
        "ID": "OC2-6",
        "Category": "Occult",
        "Name": "Bloodbound Focus",
        "Cost": "2",
        "Type": "Passive",
        "Range": "Self",
        "Description": "Once per turn, when you take damage, your next attack or spell before the end of your next turn deals +2 damage.",
        "Upcast": "Increase the bonus damage by +1.",
        "Lore": "Pain sharpens purpose."
    },
    {
        "ID": "OC2-7",
        "Category": "Occult",
        "Name": "Writ of Agony",
        "Cost": "2",
        "Type": "Action",
        "Range": "Touch",
        "Description": "Inscribe a sigil of torment on a creature, dealing 2 Dark Damage and imposing [Fearing] until the end of their next turn. They must roll [Fortitude] to resist the fear.",
        "Upcast": "Increase the Dark Damage by +1.",
        "Lore": "Suffering, formalized and signed."
    },
    {
        "ID": "OC2-8",
        "Category": "Occult",
        "Name": "Veil Sink",
        "Cost": "2",
        "Type": "Action",
        "Range": "8 units",
        "Description": "Create a zone of oppressive darkness in a 2-unit radius for 1 turn. Creatures inside the zone suffer -2 Accuracy and take 1 Dark Damage when they enter it.",
        "Upcast": "Increase the radius by +1 unit.",
        "Lore": "The world grows heavier where the veil thins."
    },
    {
        "ID": "OC2-9",
        "Category": "Occult",
        "Name": "Soul Fracture",
        "Cost": "2",
        "Type": "Action",
        "Range": "6 units",
        "Description": "Shatter part of a creature’s soul, dealing 3 Psychic Damage. The target cannot benefit from healing until the end of their next turn. They must roll [Insight] to resist the healing suppression.",
        "Upcast": "Increase either damage type by +1.",
        "Lore": "Not all wounds are meant to close."
    },
    {
        "ID": "OC2-10",
        "Category": "Occult",
        "Name": "Black Intercession",
        "Cost": "2",
        "Type": "Reaction",
        "Range": "5 units",
        "Description": "When a creature within range would deal damage, reduce that damage by 3 and deal 2 Dark Damage to the source.",
        "Upcast": "Increase the Dark Damage by +1.",
        "Lore": "The dark protects its own — at a price."
    },
    {
        "ID": "CC1-1",
        "Category": "Cosmic",
        "Name": "Starlance",
        "Cost": "1",
        "Type": "Action",
        "Range": "8 units",
        "Description": "Hurl a lance of condensed starlight, dealing 2 Light Damage.",
        "Upcast": "When multicasting this spell, each additional cast may target a different creature.",
        "Lore": "A falling star, aimed by will alone."
    },
    {
        "ID": "CC1-2",
        "Category": "Cosmic",
        "Name": "Void Drift",
        "Cost": "1",
        "Type": "Action",
        "Range": "Self",
        "Description": "You move up to 4 units, ignoring reactions and difficult terrain.",
        "Upcast": "No special multicast bonuses.",
        "Lore": "Space loosens its grip for those who know how to let go."
    },
    {
        "ID": "CC1-3",
        "Category": "Cosmic",
        "Name": "Astral Flare",
        "Cost": "1",
        "Type": "Action",
        "Range": "6 units",
        "Description": "A creature you can see takes 2 Light Damage and suffers -2 Accuracy on its next attack.",
        "Upcast": "When multicasting this spell, each additional cast may target a different creature.",
        "Lore": "Light burns brightest where attention wavers."
    },
    {
        "ID": "CC1-4",
        "Category": "Cosmic",
        "Name": "Orbit Shift",
        "Cost": "1",
        "Type": "Reaction",
        "Range": "Self",
        "Description": "When you are targeted by an attack or spell, you may shift 2 units to an unoccupied space you can see.",
        "Upcast": "When multicasting this spell, each additional cast reduces the taken damage by 2.",
        "Lore": "Nothing strikes the same point twice if the stars disagree."
    },
    {
        "ID": "CC1-5",
        "Category": "Cosmic",
        "Name": "Gravitic Nudge",
        "Cost": "1",
        "Type": "Action",
        "Range": "5 units",
        "Description": "Push or pull a creature 2 units in a direction of your choice. They must roll [Fortitude] to resist.",
        "Upcast": "When multicasting this spell, the direction may change between each cast.",
        "Lore": "Gravity is merely a suggestion."
    },
    {
        "ID": "CC1-6",
        "Category": "Cosmic",
        "Name": "Starbound Focus",
        "Cost": "1",
        "Type": "Passive",
        "Range": "Self",
        "Description": "Once per turn, when you cast a Cosmic spell, gain +1 Accuracy on the next spell you cast this turn.",
        "Upcast": "When multicasting this spell, the Accuracy bonus applies to each subsequent spell in the sequence.",
        "Lore": "Alignment breeds clarity."
    },
    {
        "ID": "CC1-7",
        "Category": "Cosmic",
        "Name": "Celestial Thread",
        "Cost": "1",
        "Type": "Action",
        "Range": "Touch",
        "Description": "Bind yourself to a creature you touch. Until the end of your next turn, whenever either of you moves a unit, the other may move 1 unit as well.",
        "Upcast": "When multicasting this spell, you may bind to an additional creature.",
        "Lore": "All things move together, whether they wish to or not."
    },
    {
        "ID": "CC1-8",
        "Category": "Cosmic",
        "Name": "Event Horizon Blink",
        "Cost": "1",
        "Type": "Reaction",
        "Range": "Self",
        "Description": "When you would take damage, reduce that damage by 1 and teleport 3 units to a space you can see.",
        "Upcast": "When multicasting this spell, you may delay the teleport until after another spell resolves this turn.",
        "Lore": "There is always a way around the fall."
    },
    {
        "ID": "CC1-9",
        "Category": "Cosmic",
        "Name": "Astral Echo",
        "Cost": "1",
        "Type": "Action",
        "Range": "Sight",
        "Description": "Choose a creature you can see. The next time you cast a Cosmic spell targeting a different creature this turn, the chosen creature takes 1 Light Damage.",
        "Upcast": "When multicasting this spell, the echo may trigger once per additional cast.",
        "Lore": "The stars remember what you almost aimed for."
    },
    {
        "ID": "CC1-10",
        "Category": "Cosmic",
        "Name": "Stellar Pressure",
        "Cost": "1",
        "Type": "Action",
        "Range": "Cone 3 units",
        "Description": "Creatures in the cone take 2 Force Damage and are pushed 1 unit away from you. They must roll [Fortitude] to resist.",
        "Upcast": "When multicasting this spell, you may rotate the cone between casts.",
        "Lore": "The weight of the heavens bears down all at once."
    },
    {
        "ID": "DC1-1",
        "Category": "Divine",
        "Name": "Light Lance",
        "Cost": "1",
        "Type": "Action",
        "Range": "7 units",
        "Description": "Hurl a lance of holy light, dealing 2 Light Damage to a creature you can see.",
        "Upcast": "Increase the damage by +1.",
        "Lore": "Faith given form, sharp and unwavering."
    },
    {
        "ID": "DC1-2",
        "Category": "Divine",
        "Name": "Sacred Intercession",
        "Cost": "1",
        "Type": "Reaction",
        "Range": "5 units",
        "Description": "When a creature within range would take damage, reduce that damage by 2.",
        "Upcast": "Increase the damage reduction by +1.",
        "Lore": "A hand reaches out before the blow can land."
    },
    {
        "ID": "DC1-3",
        "Category": "Divine",
        "Name": "Oathbound Strike",
        "Cost": "1",
        "Type": "Action",
        "Range": "Melee",
        "Description": "Make a melee weapon attack. On hit, it deals +2 Light Damage and the target cannot gain bonuses to Accuracy until the end of their next turn.",
        "Upcast": "Increase the bonus Light Damage by +1.",
        "Lore": "An oath strikes truer than steel alone."
    },
    {
        "ID": "DC1-4",
        "Category": "Divine",
        "Name": "Beacon of Resolve",
        "Cost": "1",
        "Type": "Action",
        "Range": "6 units",
        "Description": "Choose a creature you can see. Until the start of your next turn, they gain +2 Accuracy and cannot be [Frightened].",
        "Upcast": "Extend the duration by 1 additional turn.",
        "Lore": "Hope shines brightest when shared."
    },
    {
        "ID": "DC1-5",
        "Category": "Divine",
        "Name": "Merciful Pulse",
        "Cost": "1",
        "Type": "Action",
        "Range": "4 units",
        "Description": "A wave of gentle light heals a creature for 2 Health or deals 2 Light Damage to an undead or fiend.",
        "Upcast": "Increase the healing or damage by +1.",
        "Lore": "Mercy and judgment flow from the same source."
    },
    {
        "ID": "DC1-6",
        "Category": "Divine",
        "Name": "Vowbound Focus",
        "Cost": "1",
        "Type": "Passive",
        "Range": "Self",
        "Description": "Once per turn, when you uphold an oath or divine tenet determined by the Narrator, gain +1 Accuracy on your next attack or spell.",
        "Upcast": "Increase the Accuracy bonus by +1.",
        "Lore": "Conviction rewards the faithful."
    },
    {
        "ID": "DC1-7",
        "Category": "Divine",
        "Name": "Hallowed Ground",
        "Cost": "1",
        "Type": "Action",
        "Range": "Self",
        "Description": "A 2 unit radius area around you becomes Hallowed ground, Allies gain +2 Movement, enemies gain -2 Movement.",
        "Upcast": "Increase the movement by +1 unit.",
        "Lore": "Each step leaves a trace of purpose."
    },
    {
        "ID": "DC1-8",
        "Category": "Divine",
        "Name": "Lightbound Rebuke",
        "Cost": "1",
        "Type": "Reaction",
        "Range": "Self",
        "Description": "When you are hit by a melee attack, the attacker takes 2 Light Damage.",
        "Upcast": "Increase the damage by +1.",
        "Lore": "To strike the faithful is to invite the light’s reply."
    },
    {
        "ID": "DC1-9",
        "Category": "Divine",
        "Name": "Sanctified Mark",
        "Cost": "1",
        "Type": "Action",
        "Range": "Sight",
        "Description": "Mark a creature with holy sigils. The next attack made against that creature deals +2 Light Damage.",
        "Upcast": "Increase the bonus damage by +1.",
        "Lore": "Judgment does not forget its target."
    },
    {
        "ID": "DC1-10",
        "Category": "Divine",
        "Name": "Blessed Sanctuary",
        "Cost": "1",
        "Type": "Passive",
        "Range": "Self",
        "Description": "Each scene you and 1 nearby ally within 3 units recover 1 Health, as long as you are concious.",
        "Upcast": "Increase the healing by +1 health.",
        "Lore": "Some prayers are never lowered."
    },
    {
        "ID": "EC1-1",
        "Category": "Elemental",
        "Name": "Storm Bolt",
        "Cost": "1",
        "Type": "Action",
        "Range": "7 units",
        "Description": "Hurl a compressed bolt of lightning at a target in range. The target takes 2 Lightning Damage and is briefly jolted, reducing its next movement by 3 units.",
        "Upcast": "Level 2+: Increase damage by +1. Level 3+: Jolt also prevents reactions until the start of the target’s next turn.",
        "Lore": "Stormcasters claim lightning remembers the path it takes, striking foes along lines only the sky can see."
    },
    {
        "ID": "EC1-2",
        "Category": "Elemental",
        "Name": "Stone Guard",
        "Cost": "1",
        "Type": "Reaction",
        "Range": "Self",
        "Description": "When you would take damage, harden your skin with earthen force, reducing the incoming damage by 2.",
        "Upcast": "Level 2+: Increase damage reduction by 1. Level 3+: Gain brief resistance to the triggering damage type.",
        "Lore": "Those who trust the earth are never truly unguarded, even when standing alone."
    },
    {
        "ID": "EC1-3",
        "Category": "Elemental",
        "Name": "Flame Step",
        "Cost": "1",
        "Type": "Action",
        "Range": "Self",
        "Description": "Ignite beneath your feet and instantly move up to 3 units. Enemies within 1 unit of your starting space take 2 Fire damage.",
        "Upcast": "Level 2+: Increase movement by 2 unit. Level 3+: Leave a burning space behind until the end of the round.",
        "Lore": "Fire is impatient by nature, always urging its wielder forward."
    },
    {
        "ID": "EC1-4",
        "Category": "Elemental",
        "Name": "Frost Mark",
        "Cost": "1",
        "Type": "Action",
        "Range": "6 units",
        "Description": "Mark a creature with chilling runes. Until the end of its next turn, its movement is reduced by 3 units and the next attack against it deals +2 Frost damage.",
        "Upcast": "Level 2+: Increase duration by 1 round. Level 3+: Frost damage bonus applies to all attacks against the target during the duration.",
        "Lore": "Cold remembers every wound, preserving pain like a perfect crystal."
    },
    {
        "ID": "EC1-5",
        "Category": "Elemental",
        "Name": "Inferno Pulse",
        "Cost": "1",
        "Type": "Action",
        "Range": "Cone 3 units",
        "Description": "Release a burst of searing flame in a short cone. Creatures in the area take 2 Fire damage and ignite, taking 1 Fire damage at the start of their next turn. They must roll [Reflex] to resist.",
        "Upcast": "Level 2+: Increase cone size by 1 unit. Level 3+: Ignite damage increases by 1 and lasts an additional round.",
        "Lore": "Infernos are born not from rage, but from certainty that nothing should remain."
    },
    {
        "ID": "EC1-6",
        "Category": "Elemental",
        "Name": "Eye of the storm",
        "Cost": "1",
        "Type": "Passive",
        "Range": "Self",
        "Description": "Your control over lightning sharpens. Once per turn, when you deal Lightning damage, you may increase that damage by 1 or reduce the targets movement by 3.",
        "Upcast": "Level 2+: May trigger twice per round. Level 3+: Reduction increases to 5.",
        "Lore": "To master the storm is not to command it, but to move at its pace."
    },
    {
        "ID": "EC1-7",
        "Category": "Elemental",
        "Name": "Cinders of Avarice",
        "Cost": "1",
        "Type": "Action",
        "Range": "Touch",
        "Description": "Imbue a willing creature or weapon with smoldering fire. The next successful strike it makes deals +1 Fire damage.",
        "Upcast": "Level 2+: Effect lasts for two successful strikes. Level 3+: Bonus Fire damage increases by 2.",
        "Lore": "An ember shared is never diminished—only multiplied."
    },
    {
        "ID": "EC1-8",
        "Category": "Elemental",
        "Name": "Tidal Rebound",
        "Cost": "1",
        "Type": "Reaction",
        "Range": "Self",
        "Description": "When targeted by a ranged attack, conjure a surge of water that deflects the blow, reducing damage by 2 and pushing the attacker 1 unit.",
        "Upcast": "Level 2+: Increase damage reduction by 2. Level 3+: Push increases by 2 units.",
        "Lore": "Water does not stop an attack—it teaches it where not to land."
    },
    {
        "ID": "EC1-9",
        "Category": "Elemental",
        "Name": "Earthquake",
        "Cost": "1",
        "Type": "Action",
        "Range": "5 units",
        "Description": "Cause the ground beneath a creature to rupture. The target takes Earth damage and must choose to either be knocked prone or lose an action on its next turn.",
        "Upcast": "Level 2+: Target suffers both effects. Level 3+: Nearby ground becomes difficult terrain for one round.",
        "Lore": "The earth does not strike swiftly—but when it moves, all must answer."
    },
    {
        "ID": "EC1-10",
        "Category": "Elemental",
        "Name": "Aether Sense",
        "Cost": "1",
        "Type": "Passive",
        "Range": "Self",
        "Description": "You attune to elemental currents. You can sense the presence of strong elemental effects, active spells, or elemental creatures within a short distance.",
        "Upcast": "Level 2+: Increase sensing range to 12 units. Level 3+: You can identify the dominant element and its intensity.",
        "Lore": "Aether is the breath between elements, heard only by those who listen."
    },
    {
        "ID": "EC1-11",
        "Category": "Elemental",
        "Name": "Infernus",
        "Cost": "1",
        "Type": "Action",
        "Range": "6 units",
        "Description": "You create a Tile of Rough Magmatic terrain. Any creature standing on the tile takes 1 damage each creatures turn.",
        "Upcast": "Level 2+: You can create +1 tile. Level 3+: Creatures must roll [Fortitude] to escape the tile.",
        "Lore": "Aether is the breath between elements, heard only by those who listen."
    },
    
    
    
    
    
    {
        "ID": "AC1-13",
        "Category": "Arcane",
        "Name": "Mana Brace",
        "Cost": "1",
        "Type": "Reaction",
        "Range": "Self",
        "Description": "When you would be pushed, pulled, or knocked prone, negate the movement and reduce any damage taken by 1.",
        "Upcast": "Reduce damage by an additional +1.",
        "Lore": "When reality shifts, dig your heels into mana."
    },
    {
        "ID": "AC2-2",
        "Category": "Arcane",
        "Name": "Spell Lattice",
        "Cost": "2",
        "Type": "Action",
        "Range": "Self",
        "Description": "Until the start of your next turn, the first time you or an ally within 3 units is targeted by a spell, impose -3 Accuracy on that spell.",
        "Upcast": "Protect one additional ally.",
        "Lore": "Interference patterns woven with intent."
    },
    {
        "ID": "DC1-12",
        "Category": "Divine",
        "Name": "Shared Benediction",
        "Cost": "1",
        "Type": "Action",
        "Range": "Touch",
        "Description": "Bless a creature. Until the end of your next turn, when they gain healing or a bonus, you gain the same benefit.",
        "Upcast": "Extend the duration by +1 turn.",
        "Lore": "Grace multiplies when it is not hoarded."
    },
    {
        "ID": "DC2-2",
        "Category": "Divine",
        "Name": "Lightbearer’s Reckoning",
        "Cost": "2",
        "Type": "Reaction",
        "Range": "5 units",
        "Description": "When an ally within range is reduced to 0 Health, they instead remain at 1 Health and emit radiant light. Enemies within 2 units take 2 Light Damage.",
        "Upcast": "Increase the Light Damage by +1.",
        "Lore": "Even falling can become testimony."
    },
    {
        "ID": "OC1-13",
        "Category": "Occult",
        "Name": "Thought Leak",
        "Cost": "1",
        "Type": "Action",
        "Range": "Sight",
        "Description": "A creature you can see takes 2 Psychic Damage. Until the end of their next turn, the first time they succeed on a roll, they take 1 Dark Damage.",
        "Upcast": "The Dark damage increases by +1.",
        "Lore": "Victory tastes bitter when the mind is cracked."
    },
    {
        "ID": "OC2-12",
        "Category": "Occult",
        "Name": "Sentence of Stillness",
        "Cost": "2",
        "Type": "Action",
        "Range": "6 units",
        "Description": "Condemn a creature with oppressive silence. They cannot cast spells until the end of their next turn.",
        "Upcast": "",
        "Lore": "Judgment need not be loud to be absolute."
    },
    {
        "ID": "CC1-12",
        "Category": "Cosmic",
        "Name": "Offset Trajectory",
        "Cost": "1",
        "Type": "Reaction",
        "Range": "6 units",
        "Description": "When a ranged attack or spell is made within range, shift either the attacker or the target 1 unit before the roll is resolved.",
        "Upcast": "When multicasting, each additional cast increases the amount moved by 1 unit.",
        "Lore": "A fraction of a degree decides everything."
    },
    {
        "ID": "CC1-13",
        "Category": "Cosmic",
        "Name": "Probability Skew",
        "Cost": "1",
        "Type": "Action",
        "Range": "Sight",
        "Description": "Choose a creature you can see. The next roll they make this turn gains either +2 or -2 Accuracy (your choice).",
        "Upcast": "When multicasting, You may choose a different creature per cast.",
        "Lore": "Chance bends easily when observed too closely."
    },
    {
        "ID": "EC1-12",
        "Category": "Elemental",
        "Name": "Searing Wake",
        "Cost": "1",
        "Type": "Action",
        "Range": "Self",
        "Description": "Move up to 3 units. Each tile you leave behind becomes scorched terrain; the first creature to enter each tile takes 1 Fire Damage.",
        "Upcast": "Level 2+: Increase movement by +2 units. Level 3+: Scorched tiles deal +1 damage.",
        "Lore": "Fire remembers where you fled."
    },
    {
        "ID": "EC2-2",
        "Category": "Elemental",
        "Name": "Cryostatic Lock",
        "Cost": "2",
        "Type": "Action",
        "Range": "5 units",
        "Description": "Encapsulate a creature in binding frost. They take 2 Cold Damage and are immobilized until the end of their next turn unless they roll [Fortitude].",
        "Upcast": "Increase the Cold Damage by +1.",
        "Lore": "Cold does not rush — it waits until escape is forgotten."
    },

    
    {
        "ID": "AC3-1",
        "Category": "Arcane",
        "Name": "Null Interval",
        "Cost": "3",
        "Type": "Reaction",
        "Range": "Sight",
        "Description": "When a creature within range resolves an action, suspend the result until the end of their next turn. Damage, movement, and conditions are delayed and apply simultaneously when the suspension ends.",
        "Upcast": "You may choose to cancel the suspended effect instead of releasing it.",
        "Lore": "A moment stolen from causality, returned with interest."
    },
    {
        "ID": "AC4-1",
        "Category": "Arcane",
        "Name": "Grand Aegis Array",
        "Cost": "4",
        "Type": "Action",
        "Range": "Self (Aura 4)",
        "Description": "Until the end of your next turn, allies in range reduce all incoming damage by 6 and cannot be forcibly moved. Each ally may ignore one failed defense roll during the duration.",
        "Upcast": "",
        "Lore": "The battlefield locks into a single, immovable theorem."
    },
    {
        "ID": "DC3-1",
        "Category": "Divine",
        "Name": "Litany of Restoration",
        "Cost": "3",
        "Type": "Action",
        "Range": "Aura 3",
        "Description": "Each ally in range immediately heals 8 Health and removes one negative condition. Until the start of your next turn, the first time each ally would take damage, reduce it by 6.",
        "Upcast": "Healing increased by +4 and damage reduction applies twice.",
        "Lore": "Faith spoken aloud becomes shelter."
    },
    {
        "ID": "DC4-1",
        "Category": "Divine",
        "Name": "Judgment Made Manifest",
        "Cost": "4",
        "Type": "Action",
        "Range": "Sight",
        "Description": "Call down radiant judgment on a creature. They take 8 Light Damage. If this damage reduces them to 0 Health, all allies who can see the target heal 6 Health.",
        "Upcast": "",
        "Lore": "Mercy waits for those who survive the light."
    },
    {
        "ID": "EC3-1",
        "Category": "Elemental",
        "Name": "Stormbound Expanse",
        "Cost": "3",
        "Type": "Action",
        "Range": "Area (Radius 4)",
        "Description": "The area becomes a violent lightning field until the end of your next turn. Creatures entering or starting their turn in the area take 4 Lightning Damage and suffer -4 Accuracy.",
        "Upcast": "Damage increases by +4 and the area becomes difficult terrain.",
        "Lore": "The storm claims territory, not targets."
    },
    {
        "ID": "EC4-1",
        "Category": "Elemental",
        "Name": "Cataclysm Seed",
        "Cost": "4",
        "Type": "Action",
        "Range": "6 units",
        "Description": "Plant a volatile elemental core at a point in range. At the start of your next turn, it detonates, dealing 8 damage of an element of your choice to all creatures within 3 units and reshaping the terrain appropriately.",
        "Upcast": "",
        "Lore": "Every disaster begins as something small and patient."
    },


    {
        "ID": "AC1-14",
        "Category": "Arcane",
        "Name": "Phase Step",
        "Cost": "1",
        "Type": "Action",
        "Range": "Self",
        "Description": "Teleport up to 2 units to an unoccupied space you can see. Until the start of your next turn, you ignore difficult terrain.",
        "Upcast": "Increase teleport distance by +1 unit per cost.",
        "Lore": "Distance is only a suggestion."
    },
    {
        "ID": "AC2-3",
        "Category": "Arcane",
        "Name": "Spell Reversal",
        "Cost": "2",
        "Type": "Reaction",
        "Range": "Sight",
        "Description": "When a creature casts a spell targeting you or an ally, invert one numeric modifier of the spell (bonuses become penalties or vice versa).",
        "Upcast": "Cost 3+: Invert an additional modifier.",
        "Lore": "Magic hesitates when contradicted."
    },
    {
        "ID": "AC4-2",
        "Category": "Arcane",
        "Name": "Rewrite Outcome",
        "Cost": "4",
        "Type": "Reaction",
        "Range": "Sight",
        "Description": "After any roll is resolved, force it to be rerolled and choose which result applies. The unused result is treated as if it never occurred.",
        "Upcast": "",
        "Lore": "Reality edits itself quietly."
    },
    {
        "ID": "DC1-13",
        "Category": "Divine",
        "Name": "Consecrated Stand",
        "Cost": "1",
        "Type": "Reaction",
        "Range": "Self",
        "Description": "When you take damage, reduce it by 2 and gain +2 Accuracy on your next roll this turn.",
        "Upcast": "Reduce damage by an additional +1.",
        "Lore": "Pain sharpens devotion."
    },
    {
        "ID": "DC2-3",
        "Category": "Divine",
        "Name": "Beacon of Vows",
        "Cost": "2",
        "Type": "Action",
        "Range": "Aura 3",
        "Description": "Until the end of your next turn, allies in range gain +1 Accuracy while adjacent to another ally.",
        "Upcast": "Extend duration by +1 turn.",
        "Lore": "Faith grows stronger when shared shoulder to shoulder."
    },
    {
        "ID": "DC4-2",
        "Category": "Divine",
        "Name": "Ascension Moment",
        "Cost": "4",
        "Type": "Action",
        "Range": "Touch",
        "Description": "An ally immediately takes another full turn after this one. That ally cannot be reduced below 1 Health during that turn.",
        "Upcast": "",
        "Lore": "For one heartbeat, the divine intervenes directly."
    },
    {
        "ID": "EC1-13",
        "Category": "Elemental",
        "Name": "Rolling Frost",
        "Cost": "1",
        "Type": "Action",
        "Range": "4 units",
        "Description": "Create a moving wave of ice that travels 4 units in a straight line. Creatures hit take 2 Cold Damage and have their movement reduced by 1 unit on their next turn.",
        "Upcast": "Increase damage by +1 or travel distance by +2 units, per upcast level.",
        "Lore": "Cold advances without urgency."
    },
    {
        "ID": "EC2-3",
        "Category": "Elemental",
        "Name": "Grasping Fault",
        "Cost": "2",
        "Type": "Action",
        "Range": "5 units",
        "Description": "Crack the ground beneath a creature. They take 2 Earth Damage and the tile becomes difficult terrain that restrains the first creature entering it each scene.",
        "Upcast": "Increase damage by +1.",
        "Lore": "The earth remembers every step taken upon it."
    },
    {
        "ID": "EC3-2",
        "Category": "Elemental",
        "Name": "Inferno Spiral",
        "Cost": "3",
        "Type": "Action",
        "Range": "Area (Radius 3)",
        "Description": "A whirling firestorm fills the area until the end of your next turn. Creatures entering or starting their turn there take 2 Fire Damage. The area is heavily obscured by smoke.",
        "Upcast": "Cost 4: Increase damage by +1 and radius by +1.",
        "Lore": "Fire does not explode — it envelops."
    },
    {
        "ID": "EC4-2",
        "Category": "Elemental",
        "Name": "Worldroot Eruption",
        "Cost": "4",
        "Type": "Action",
        "Range": "Sight",
        "Description": "Massive elemental growth erupts from the ground. Creatures of your choice within 4 units are restrained and take 4 Vibro Damage at the start of their next turn.",
        "Upcast": "",
        "Lore": "The land itself rises to object."
    },

    {
        "ID": "AC0-1",
        "Category": "Arcane",
        "Name": "Mana Flick",
        "Cost": "0",
        "Type": "Action",
        "Range": "5 units",
        "Description": "Nudge a Small unattended object or magical effect 1 unit in any direction. If used on a spell zone or terrain effect, you may shift its origin by 1 unit instead.",
        "Upcast": "",
        "Lore": "Even magic can be poked."
    },
    {
        "ID": "DC0-1",
        "Category": "Divine",
        "Name": "Steady Pulse",
        "Cost": "0",
        "Type": "Reaction",
        "Range": "Touch",
        "Description": "When a creature you touch fails a defense roll, grant them +1 to that roll, potentially turning it into a success.",
        "Upcast": "",
        "Lore": "Faith answers in quiet moments."
    },
    {
        "ID": "EC0-1",
        "Category": "Elemental",
        "Name": "Spark",
        "Cost": "0",
        "Type": "Action",
        "Range": "4 units",
        "Description": "Deal 1 Lightning Damage to a creature or object. If the target is Wet, Metallic, or standing in water, increase the damage to 2.",
        "Upcast": "",
        "Lore": "All storms begin with a thought."
    },
    {
        "ID": "EC0-2",
        "Category": "Elemental",
        "Name": "Frost Film",
        "Cost": "0",
        "Type": "Action",
        "Range": "4 units",
        "Description": "Coat a tile or object in slick frost. The next creature entering the tile suffers -1 movement on their next turn.",
        "Upcast": "",
        "Lore": "Cold leaves warnings, not wounds."
    },
    {
        "ID": "EC0-3",
        "Category": "Elemental",
        "Name": "Ember Touch",
        "Cost": "0",
        "Type": "Action",
        "Range": "Touch",
        "Description": "Deal 1 Fire Damage. If the target is affected by Cold or Ice, remove that effect before dealing damage.",
        "Upcast": "",
        "Lore": "Fire resolves disputes quickly."
    },


    {
        "ID": "EC1-14",
        "Category": "Elemental",
        "Name": "Thermal Shock",
        "Cost": "1",
        "Type": "Reaction",
        "Range": "5 units",
        "Description": "When a creature affected by Fire takes Cold damage, or a creature affected by Cold takes Fire damage, trigger this spell. The creature takes 2 additional damage and is stunned until the end of their next turn.",
        "Upcast": "Increase the bonus damage by +1.",
        "Lore": "Nature punishes indecision."
    },
    {
        "ID": "EC1-15",
        "Category": "Elemental",
        "Name": "Conductive Surge",
        "Cost": "1",
        "Type": "Action",
        "Range": "Area (Radius 2)",
        "Description": "Deal 1 Lightning Damage to all creatures in the area. Creatures that are Wet, Metallic, or standing in water instead take 2 damage.",
        "Upcast": "Increase base damage by +1.",
        "Lore": "Electricity follows opportunity."
    },
    {
        "ID": "EC2-4",
        "Category": "Elemental",
        "Name": "Quench the Flame",
        "Cost": "2",
        "Type": "Action",
        "Range": "5 units",
        "Description": "Extinguish all Fire effects in range. For each Fire effect removed, choose a creature in range to heal 3 Health.",
        "Upcast": "Affect one additional creature per Fire effect removed.",
        "Lore": "Even fire can be taught restraint."
    },
    {
        "ID": "EC2-5",
        "Category": "Elemental",
        "Name": "Shatterpoint",
        "Cost": "2",
        "Type": "Action",
        "Range": "6 units",
        "Description": "Target a creature affected by Cold or restrained by ice. They take 3 damage. If the effect was Cold-based terrain or immobilization, it is destroyed.",
        "Upcast": "Increase damage by +1.",
        "Lore": "Frozen things break cleanly."
    },
    {
        "ID": "AC1-15",
        "Category": "Arcane",
        "Name": "Climber's companion",
        "Cost": "1",
        "Type": "Action",
        "Range": "Self",
        "Description": "Deploy a magical ladder that can support itself in any orientation, it is 3 units tall. The ladder is dismissed when you reach the top and step off, or when you are not within 10 units of it.",
        "Upcast": "Increase height by +2.",
        "Lore": "Always useful to have one of these around."
    },
    {
        "ID": "AC1-15",
        "Category": "Arcane",
        "Name": "Pocket Workshop",
        "Cost": "1",
        "Type": "Action",
        "Range": "Self",
        "Description": "You deploy a compact 1 unit workshop, it grants you the benefits of a simple workshop, an apprentice brewers kit, an anvil and a ritualist station.",
        "Upcast": "The benefits increase by 1 tier.",
        "Lore": "Always useful to have one of these around."
    }
]
